timestamp,home,pts_home,away,pts_away,tv,notes
2013-08-29 19:00:00,Illinois State,28.0,Ball State,51.0,,
2013-08-29 19:00:00,Tulsa,7.0,Bowling Green State,34.0,,
2013-08-29 19:00:00,Akron,7.0,Central Florida,38.0,,
2013-08-29 22:30:00,Rutgers,51.0,Fresno State,52.0,,
2013-08-29 19:00:00,Indiana State,35.0,Indiana,73.0,,
2013-08-29 18:00:00,Liberty,10.0,Kent State,17.0,,
2013-08-29 19:30:00,Western Carolina,24.0,Middle Tennessee State,45.0,,
2013-08-29 19:00:00,Nevada-Las Vegas,23.0,Minnesota,51.0,,
2013-08-29 21:15:00,Mississippi,39.0,Vanderbilt,35.0,,
2013-08-29 22:00:00,Sacramento State,0.0,San Jose State,24.0,,
2013-08-29 18:00:00,North Carolina,10.0,South Carolina,27.0,,
2013-08-29 23:00:00,Southern California,30.0,Hawaii,13.0,,
2013-08-29 19:30:00,Southern Utah,22.0,South Alabama,21.0,,
2013-08-29 19:30:00,Towson,33.0,Connecticut,18.0,,
2013-08-29 20:00:00,Jackson State,7.0,Tulane,34.0,,
2013-08-29 20:00:00,Utah State,26.0,Utah,30.0,,
2013-08-29 18:30:00,Presbyterian,7.0,Wake Forest,31.0,,
2013-08-30 22:00:00,Northern Arizona,0.0,Arizona,35.0,,
2013-08-30 19:00:00,Morgan State,12.0,Army,28.0,,
2013-08-30 20:30:00,Southern,13.0,Houston,62.0,,
2013-08-30 20:00:00,Florida Atlantic,6.0,Miami (FL),34.0,,
2013-08-30 20:00:00,Western Michigan,13.0,Michigan State,26.0,,
2013-08-30 20:30:00,North Dakota State,24.0,Kansas State,21.0,,
2013-08-30 19:00:00,Samford,31.0,Georgia State,21.0,,
2013-08-30 20:00:00,Texas Tech,41.0,Southern Methodist,23.0,,
2013-08-31 15:00:00,Colgate,13.0,Air Force,38.0,,
2013-08-31 17:30:00,Virginia Tech,10.0,Alabama,35.0,,"Georgia Dome - Atlanta, GA"
2013-08-31 16:00:00,Louisiana-Lafayette,14.0,Arkansas,34.0,,
2013-08-31 19:00:00,Arkansas-Pine Bluff,11.0,Arkansas State,62.0,,
2013-08-31 19:00:00,Washington State,24.0,Auburn,31.0,,
2013-08-31 19:30:00,Wofford,3.0,Baylor,69.0,,
2013-08-31 12:00:00,Villanova,14.0,Boston College,24.0,,
2013-08-31 12:00:00,Purdue,7.0,Cincinnati,42.0,,
2013-08-31 20:00:00,Georgia,35.0,Clemson,38.0,,
2013-08-31 16:00:00,North Carolina Central,0.0,Duke,45.0,,
2013-08-31 19:00:00,Old Dominion,38.0,East Carolina,52.0,,
2013-08-31 20:00:00,Eastern Illinois,40.0,San Diego State,19.0,,
2013-08-31 18:00:00,Howard,24.0,Eastern Michigan,34.0,,
2013-08-31 18:00:00,Eastern Washington,49.0,Oregon State,46.0,,
2013-08-31 12:21:00,Toledo,6.0,Florida,24.0,,
2013-08-31 12:00:00,Elon,0.0,Georgia Tech,70.0,,
2013-08-31 12:00:00,Southern Illinois,34.0,Illinois,42.0,,
2013-08-31 21:00:00,Texas Christian,27.0,Louisiana State,37.0,,"AT&T Stadium - Arlington, TX"
2013-08-31 19:00:00,Miami (OH),14.0,Marshall,52.0,,
2013-08-31 12:30:00,Florida International,10.0,Maryland,43.0,,
2013-08-31 19:00:00,McNeese State,53.0,South Florida,21.0,,
2013-08-31 15:30:00,Central Michigan,9.0,Michigan,59.0,,
2013-08-31 19:00:00,Murray State,14.0,Missouri,58.0,,
2013-08-31 20:00:00,Wyoming,34.0,Nebraska,37.0,,
2013-08-31 12:30:00,Louisiana Tech,14.0,North Carolina State,40.0,,
2013-08-31 19:00:00,Idaho,6.0,North Texas,40.0,,
2013-08-31 15:30:00,Northern Illinois,30.0,Iowa,27.0,,
2013-08-31 20:00:00,Northern Iowa,28.0,Iowa State,20.0,,
2013-08-31 22:30:00,Northwestern,44.0,California,30.0,,
2013-08-31 15:41:00,Temple,6.0,Notre Dame,28.0,,
2013-08-31 12:00:00,Buffalo,20.0,Ohio State,40.0,,
2013-08-31 19:00:00,Louisiana-Monroe,0.0,Oklahoma,34.0,,
2013-08-31 15:30:00,Mississippi State,3.0,Oklahoma State,21.0,,"Reliant Stadium - Houston, TX"
2013-08-31 16:00:00,Nicholls State,3.0,Oregon,66.0,,
2013-08-31 15:30:00,Syracuse,17.0,Penn State,23.0,,"MetLife Stadium - East Rutherford, NJ"
2013-08-31 18:00:00,Austin Peay,0.0,Tennessee,45.0,,
2013-08-31 20:00:00,New Mexico State,7.0,Texas,56.0,,
2013-08-31 13:00:00,Rice,31.0,Texas A&M,52.0,,
2013-08-31 19:00:00,Texas State,22.0,Southern Mississippi,15.0,,
2013-08-31 20:00:00,Texas-San Antonio,21.0,New Mexico,13.0,,
2013-08-31 19:00:00,Alabama-Birmingham,31.0,Troy,34.0,,
2013-08-31 22:00:00,Nevada,20.0,UCLA,58.0,,
2013-08-31 15:30:00,Brigham Young,16.0,Virginia,19.0,,
2013-08-31 22:00:00,Boise State,6.0,Washington,38.0,,
2013-08-31 12:00:00,William & Mary,17.0,West Virginia,24.0,,
2013-08-31 19:00:00,Kentucky,26.0,Western Kentucky,35.0,,"LP Field - Nashville, TN"
2013-08-31 12:00:00,Massachusetts,0.0,Wisconsin,45.0,,
2013-09-01 18:00:00,Colorado State,27.0,Colorado,41.0,,"Sports Authority Field at Mile High Stadium - Denver, CO"
2013-09-01 15:30:00,Ohio,7.0,Louisville,49.0,,
2013-09-02 20:00:00,Florida State,41.0,Pittsburgh,13.0,,
2013-09-05 22:00:00,Sacramento State,0.0,Arizona State,55.0,,
2013-09-05 19:30:00,Florida Atlantic,13.0,East Carolina,31.0,,
2013-09-06 20:00:00,Wake Forest,10.0,Boston College,24.0,,
2013-09-06 20:00:00,Central Florida,38.0,Florida International,0.0,,
2013-09-07 18:00:00,James Madison,33.0,Akron,35.0,,
2013-09-07 22:30:00,Arizona,58.0,Nevada-Las Vegas,13.0,,
2013-09-07 19:00:00,Samford,21.0,Arkansas,31.0,,
2013-09-07 19:30:00,Arkansas State,9.0,Auburn,38.0,,
2013-09-07 13:00:00,Army,14.0,Ball State,40.0,,
2013-09-07 15:30:00,Buffalo,13.0,Baylor,70.0,,
2013-09-07 15:00:00,Tennessee-Martin,14.0,Boise State,63.0,,
2013-09-07 12:00:00,Bowling Green State,41.0,Kent State,22.0,,
2013-09-07 20:50:00,Texas,21.0,Brigham Young,40.0,,
2013-09-07 17:00:00,Portland State,30.0,California,37.0,,
2013-09-07 15:00:00,New Hampshire,21.0,Central Michigan,24.0,,
2013-09-07 14:00:00,Chattanooga,42.0,Georgia State,14.0,,
2013-09-07 12:30:00,South Carolina State,13.0,Clemson,52.0,,
2013-09-07 20:00:00,Central Arkansas,24.0,Colorado,38.0,,
2013-09-07 16:30:00,Duke,28.0,Memphis,14.0,,
2013-09-07 22:00:00,Cal Poly,25.0,Fresno State,41.0,,
2013-09-07 16:30:00,South Carolina,30.0,Georgia,41.0,,
2013-09-07 12:00:00,Houston,22.0,Temple,13.0,,
2013-09-07 12:00:00,Cincinnati,17.0,Illinois,45.0,,
2013-09-07 12:00:00,Missouri State,14.0,Iowa,28.0,,
2013-09-07 19:00:00,South Dakota,14.0,Kansas,31.0,,
2013-09-07 18:30:00,Louisiana-Lafayette,27.0,Kansas State,48.0,,
2013-09-07 12:00:00,Miami (OH),7.0,Kentucky,41.0,,
2013-09-07 19:00:00,Alabama-Birmingham,17.0,Louisiana State,56.0,,
2013-09-07 19:00:00,Lamar,14.0,Louisiana Tech,27.0,,
2013-09-07 19:00:00,Grambling State,10.0,Louisiana-Monroe,48.0,,
2013-09-07 12:00:00,Eastern Kentucky,7.0,Louisville,44.0,,
2013-09-07 14:00:00,Maine,24.0,Massachusetts,14.0,,
2013-09-07 18:30:00,Gardner-Webb,0.0,Marshall,55.0,,
2013-09-07 16:00:00,Old Dominion,10.0,Maryland,47.0,,
2013-09-07 12:00:00,Florida,16.0,Miami (FL),21.0,,
2013-09-07 20:00:00,Notre Dame,30.0,Michigan,41.0,,
2013-09-07 12:00:00,South Florida,6.0,Michigan State,21.0,,
2013-09-07 20:00:00,Minnesota,44.0,New Mexico State,21.0,,
2013-09-07 19:00:00,Southeast Missouri State,13.0,Mississippi,31.0,,
2013-09-07 15:30:00,Alcorn State,7.0,Mississippi State,51.0,,
2013-09-07 15:30:00,Toledo,23.0,Missouri,38.0,,
2013-09-07 18:00:00,Navy,41.0,Indiana,35.0,,
2013-09-07 18:00:00,Southern Mississippi,13.0,Nebraska,56.0,,
2013-09-07 21:05:00,California-Davis,7.0,Nevada,36.0,,
2013-09-07 20:00:00,New Mexico,42.0,Texas-El Paso,35.0,,
2013-09-07 19:00:00,Nicholls State,27.0,Western Michigan,23.0,,
2013-09-07 12:30:00,Middle Tennessee State,20.0,North Carolina,40.0,,
2013-09-07 18:00:00,Richmond,21.0,North Carolina State,23.0,,
2013-09-07 18:00:00,Syracuse,27.0,Northwestern,48.0,,
2013-09-07 19:00:00,North Texas,21.0,Ohio,27.0,,
2013-09-07 15:30:00,San Diego State,7.0,Ohio State,42.0,,
2013-09-07 19:00:00,West Virginia,7.0,Oklahoma,16.0,,
2013-09-07 12:00:00,Oklahoma State,56.0,Texas-San Antonio,35.0,,
2013-09-07 15:30:00,Oregon,59.0,Virginia,10.0,,
2013-09-07 20:00:00,Hawaii,14.0,Oregon State,33.0,,
2013-09-07 12:00:00,Eastern Michigan,7.0,Penn State,45.0,,
2013-09-07 12:00:00,Indiana State,14.0,Purdue,20.0,,
2013-09-07 12:00:00,Norfolk State,0.0,Rutgers,38.0,,
2013-09-07 15:30:00,South Alabama,41.0,Tulane,39.0,,
2013-09-07 20:00:00,Montana State,30.0,Southern Methodist,31.0,,
2013-09-07 23:00:00,San Jose State,13.0,Stanford,34.0,,
2013-09-07 12:21:00,Western Kentucky,20.0,Tennessee,52.0,,
2013-09-07 19:00:00,Sam Houston State,28.0,Texas A&M,65.0,,
2013-09-07 12:00:00,Southeastern Louisiana,17.0,Texas Christian,38.0,,
2013-09-07 19:00:00,Prairie View A&M,3.0,Texas State,28.0,,
2013-09-07 19:00:00,Stephen F. Austin,13.0,Texas Tech,61.0,,
2013-09-07 19:00:00,Savannah State,3.0,Troy,66.0,,
2013-09-07 19:00:00,Colorado State,27.0,Tulsa,30.0,,
2013-09-07 14:00:00,Weber State,7.0,Utah,70.0,,
2013-09-07 15:30:00,Utah State,52.0,Air Force,20.0,,
2013-09-07 19:30:00,Austin Peay,3.0,Vanderbilt,38.0,,
2013-09-07 13:30:00,Western Carolina,3.0,Virginia Tech,45.0,,
2013-09-07 22:30:00,Washington State,10.0,Southern California,7.0,,
2013-09-07 12:00:00,Tennessee Tech,0.0,Wisconsin,48.0,,
2013-09-07 16:00:00,Idaho,10.0,Wyoming,42.0,,
2013-09-12 19:30:00,Troy,34.0,Arkansas State,41.0,,
2013-09-12 19:30:00,Texas Christian,10.0,Texas Tech,20.0,,
2013-09-12 19:30:00,Tulane,24.0,Louisiana Tech,15.0,,
2013-09-13 20:00:00,Air Force,20.0,Boise State,42.0,,
2013-09-14 15:30:00,Alabama,49.0,Texas A&M,42.0,,
2013-09-14 22:30:00,Texas-San Antonio,13.0,Arizona,38.0,,
2013-09-14 22:30:00,Wisconsin,30.0,Arizona State,32.0,,
2013-09-14 12:21:00,Southern Mississippi,3.0,Arkansas,24.0,,
2013-09-14 19:00:00,Mississippi State,20.0,Auburn,24.0,,
2013-09-14 18:00:00,Bethune-Cookman,34.0,Florida International,13.0,,
2013-09-14 15:30:00,Stony Brook,23.0,Buffalo,26.0,,
2013-09-14 18:00:00,Central Florida,34.0,Penn State,31.0,,
2013-09-14 19:00:00,Northwestern State,9.0,Cincinnati,66.0,,
2013-09-14 15:30:00,Cal Poly,17.0,Colorado State,34.0,,
2013-09-14 19:00:00,Florida Atlantic,28.0,South Florida,10.0,,
2013-09-14 15:30:00,Nevada,7.0,Florida State,62.0,,
2013-09-14 13:00:00,Fordham,30.0,Temple,29.0,,
2013-09-14 14:00:00,Fresno State,,Colorado,,,Game Cancelled
2013-09-14 15:30:00,Georgia Tech,38.0,Duke,14.0,,
2013-09-14 12:00:00,Bowling Green State,10.0,Indiana,42.0,,
2013-09-14 18:00:00,Iowa,27.0,Iowa State,21.0,,
2013-09-14 19:00:00,Massachusetts,7.0,Kansas State,37.0,,
2013-09-14 19:00:00,Kent State,13.0,Louisiana State,45.0,,
2013-09-14 19:00:00,Nicholls State,7.0,Louisiana-Lafayette,70.0,,
2013-09-14 12:30:00,Louisiana-Monroe,21.0,Wake Forest,19.0,,
2013-09-14 12:00:00,Louisville,27.0,Kentucky,13.0,,
2013-09-14 19:30:00,Maryland,32.0,Connecticut,21.0,,
2013-09-14 12:00:00,Akron,24.0,Michigan,28.0,,
2013-09-14 14:00:00,Youngstown State,17.0,Michigan State,55.0,,
2013-09-14 19:00:00,Memphis,15.0,Middle Tennessee State,17.0,,
2013-09-14 12:00:00,Western Illinois,12.0,Minnesota,29.0,,
2013-09-14 20:00:00,Mississippi,44.0,Texas,23.0,,
2013-09-14 15:30:00,Delaware,7.0,Navy,51.0,,
2013-09-14 22:00:00,Central Michigan,21.0,Nevada-Las Vegas,31.0,,
2013-09-14 16:00:00,Ball State,27.0,North Texas,34.0,,
2013-09-14 17:00:00,Northern Illinois,45.0,Idaho,35.0,,
2013-09-14 21:00:00,Western Michigan,17.0,Northwestern,38.0,,
2013-09-14 20:00:00,Notre Dame,31.0,Purdue,24.0,,
2013-09-14 20:00:00,Marshall,31.0,Ohio,34.0,,
2013-09-14 19:00:00,Ohio State,52.0,California,34.0,,
2013-09-14 12:00:00,Tulsa,20.0,Oklahoma,51.0,,
2013-09-14 19:30:00,Lamar,3.0,Oklahoma State,59.0,,
2013-09-14 15:30:00,Tennessee,14.0,Oregon,59.0,,
2013-09-14 22:00:00,Oregon State,51.0,Utah,48.0,,
2013-09-14 12:30:00,New Mexico,27.0,Pittsburgh,49.0,,
2013-09-14 19:30:00,Kansas,14.0,Rice,23.0,,
2013-09-14 13:00:00,Eastern Michigan,10.0,Rutgers,28.0,,
2013-09-14 19:30:00,Western Kentucky,24.0,South Alabama,31.0,,
2013-09-14 19:00:00,Vanderbilt,25.0,South Carolina,35.0,,
2013-09-14 15:00:00,Boston College,7.0,Southern California,35.0,,
2013-09-14 12:00:00,Stanford,34.0,Army,20.0,,
2013-09-14 16:00:00,Wagner,0.0,Syracuse,54.0,,
2013-09-14 20:00:00,Texas-El Paso,42.0,New Mexico State,21.0,,
2013-09-14 19:00:00,Eastern Washington,21.0,Toledo,33.0,,
2013-09-14 12:00:00,UCLA,41.0,Nebraska,21.0,,
2013-09-14 20:00:00,Weber State,6.0,Utah State,70.0,,
2013-09-14 12:00:00,Virginia Tech,15.0,East Carolina,10.0,,
2013-09-14 18:00:00,Illinois,24.0,Washington,34.0,,"Soldier Field - Chicago, IL"
2013-09-14 18:30:00,Southern Utah,10.0,Washington State,48.0,,
2013-09-14 12:00:00,Georgia State,7.0,West Virginia,41.0,,
2013-09-14 16:00:00,Northern Colorado,7.0,Wyoming,35.0,,
2013-09-19 19:30:00,Clemson,26.0,North Carolina State,14.0,,
2013-09-20 21:00:00,Boise State,40.0,Fresno State,41.0,,
2013-09-21 19:00:00,Colorado State,6.0,Alabama,31.0,,
2013-09-21 15:00:00,Northwestern State,28.0,Alabama-Birmingham,52.0,,
2013-09-21 13:00:00,Ball State,51.0,Eastern Michigan,20.0,,
2013-09-21 16:00:00,Louisiana-Monroe,7.0,Baylor,70.0,,
2013-09-21 15:30:00,Murray State,7.0,Bowling Green State,48.0,,
2013-09-21 16:00:00,Cincinnati,14.0,Miami (OH),0.0,,
2013-09-21 15:30:00,Tennessee,17.0,Florida,31.0,,
2013-09-21 18:00:00,Bethune-Cookman,6.0,Florida State,54.0,,
2013-09-21 12:21:00,North Texas,21.0,Georgia,45.0,,
2013-09-21 12:00:00,North Carolina,20.0,Georgia Tech,28.0,,
2013-09-21 15:00:00,Rice,26.0,Houston,31.0,,"Reliant Stadium - Houston, TX"
2013-09-21 12:01:00,Western Michigan,3.0,Iowa,59.0,,
2013-09-21 14:00:00,Jacksonville State,32.0,Georgia State,26.0,,
2013-09-21 12:00:00,Louisiana Tech,10.0,Kansas,13.0,,
2013-09-21 19:45:00,Auburn,21.0,Louisiana State,35.0,,
2013-09-21 18:00:00,Louisiana-Lafayette,35.0,Akron,30.0,,
2013-09-21 12:00:00,Florida International,0.0,Louisville,72.0,,
2013-09-21 15:30:00,West Virginia,0.0,Maryland,37.0,,"M&T Bank Stadium - Baltimore, MD"
2013-09-21 16:30:00,Arkansas State,7.0,Memphis,31.0,,
2013-09-21 19:00:00,Savannah State,7.0,Miami (FL),77.0,,
2013-09-21 20:00:00,Michigan,24.0,Connecticut,21.0,,
2013-09-21 12:00:00,Middle Tennessee State,42.0,Florida Atlantic,35.0,,
2013-09-21 12:00:00,San Jose State,24.0,Minnesota,43.0,,
2013-09-21 19:30:00,Troy,7.0,Mississippi State,62.0,,
2013-09-21 20:00:00,Missouri,45.0,Indiana,28.0,,
2013-09-21 15:30:00,South Dakota State,20.0,Nebraska,59.0,,
2013-09-21 20:05:00,Hawaii,9.0,Nevada,31.0,,
2013-09-21 21:00:00,Western Illinois,7.0,Nevada-Las Vegas,38.0,,
2013-09-21 19:00:00,Eastern Illinois,39.0,Northern Illinois,43.0,,
2013-09-21 15:30:00,Maine,21.0,Northwestern,35.0,,
2013-09-21 15:30:00,Michigan State,13.0,Notre Dame,17.0,,
2013-09-21 14:00:00,Austin Peay,0.0,Ohio,38.0,,
2013-09-21 12:00:00,Florida A&M,0.0,Ohio State,76.0,,
2013-09-21 19:30:00,Oregon State,34.0,San Diego State,30.0,,
2013-09-21 15:30:00,Kent State,0.0,Penn State,34.0,,
2013-09-21 12:30:00,Pittsburgh,58.0,Duke,55.0,,
2013-09-21 15:30:00,Arkansas,24.0,Rutgers,28.0,,
2013-09-21 15:30:00,Utah State,14.0,Southern California,17.0,,
2013-09-21 19:00:00,Arizona State,28.0,Stanford,42.0,,
2013-09-21 12:30:00,Tulane,17.0,Syracuse,52.0,,
2013-09-21 20:00:00,Kansas State,21.0,Texas,31.0,,
2013-09-21 19:00:00,Southern Methodist,13.0,Texas A&M,42.0,,
2013-09-21 19:00:00,Texas State,7.0,Texas Tech,33.0,,
2013-09-21 20:00:00,Texas-San Antonio,32.0,Texas-El Paso,13.0,,
2013-09-21 12:00:00,Toledo,38.0,Central Michigan,17.0,,
2013-09-21 22:30:00,New Mexico State,13.0,UCLA,59.0,,
2013-09-21 22:15:00,Utah,20.0,Brigham Young,13.0,,
2013-09-21 12:00:00,Vanderbilt,24.0,Massachusetts,7.0,,
2013-09-21 15:30:00,Virginia Military Institute,0.0,Virginia,49.0,,
2013-09-21 12:00:00,Marshall,21.0,Virginia Tech,29.0,,
2013-09-21 12:00:00,Wake Forest,25.0,Army,11.0,,
2013-09-21 15:00:00,Idaho State,0.0,Washington,56.0,,
2013-09-21 22:30:00,Idaho,0.0,Washington State,42.0,,
2013-09-21 19:00:00,Morgan State,17.0,Western Kentucky,58.0,,
2013-09-21 15:30:00,Purdue,10.0,Wisconsin,41.0,,
2013-09-21 22:15:00,Wyoming,56.0,Air Force,23.0,,
2013-09-26 19:30:00,Iowa State,38.0,Tulsa,21.0,,
2013-09-26 19:30:00,Virginia Tech,17.0,Georgia Tech,10.0,,
2013-09-27 21:00:00,Middle Tennessee State,10.0,Brigham Young,37.0,,
2013-09-27 21:00:00,Utah State,40.0,San Jose State,12.0,,
2013-09-28 18:30:00,Mississippi,0.0,Alabama,25.0,,
2013-09-28 22:30:00,Southern California,41.0,Arizona State,62.0,,
2013-09-28 16:00:00,Louisiana Tech,16.0,Army,35.0,,"Cotton Bowl - Dallas, TX"
2013-09-28 15:00:00,Toledo,24.0,Ball State,31.0,,
2013-09-28 22:15:00,Southern Mississippi,7.0,Boise State,60.0,,
2013-09-28 14:30:00,Akron,14.0,Bowling Green State,31.0,,
2013-09-28 15:30:00,Connecticut,12.0,Buffalo,41.0,,
2013-09-28 15:30:00,Wake Forest,7.0,Clemson,56.0,,
2013-09-28 15:30:00,Texas-El Paso,42.0,Colorado State,59.0,,
2013-09-28 15:00:00,Troy,31.0,Duke,38.0,,
2013-09-28 12:30:00,East Carolina,55.0,North Carolina,31.0,,
2013-09-28 19:00:00,Florida,24.0,Kentucky,7.0,,
2013-09-28 15:30:00,Florida State,48.0,Boston College,34.0,,
2013-09-28 23:59:00,Fresno State,42.0,Hawaii,37.0,,
2013-09-28 15:30:00,Louisiana State,41.0,Georgia,44.0,,
2013-09-28 16:00:00,Houston,59.0,Texas-San Antonio,28.0,,
2013-09-28 17:00:00,Temple,24.0,Idaho,26.0,,
2013-09-28 12:00:00,Miami (OH),14.0,Illinois,50.0,,
2013-09-28 15:30:00,Iowa,23.0,Minnesota,7.0,,
2013-09-28 19:00:00,Kent State,32.0,Western Michigan,14.0,,
2013-09-28 12:00:00,Miami (FL),49.0,South Florida,21.0,,
2013-09-28 19:30:00,Arkansas State,19.0,Missouri,41.0,,
2013-09-28 20:05:00,Air Force,42.0,Nevada,45.0,,
2013-09-28 20:08:00,Nevada-Las Vegas,56.0,New Mexico,42.0,,
2013-09-28 15:30:00,Central Michigan,14.0,North Carolina State,48.0,,
2013-09-28 12:00:00,Northern Illinois,55.0,Purdue,24.0,,
2013-09-28 20:00:00,Wisconsin,24.0,Ohio State,31.0,,
2013-09-28 15:30:00,Oklahoma,35.0,Notre Dame,21.0,,
2013-09-28 22:30:00,California,16.0,Oregon,55.0,,
2013-09-28 15:00:00,Colorado,17.0,Oregon State,44.0,,
2013-09-28 12:30:00,Virginia,3.0,Pittsburgh,14.0,,
2013-09-28 19:00:00,Florida Atlantic,14.0,Rice,18.0,,
2013-09-28 20:00:00,San Diego State,26.0,New Mexico State,16.0,,
2013-09-28 12:00:00,South Carolina,28.0,Central Florida,25.0,,
2013-09-28 22:00:00,Washington State,17.0,Stanford,55.0,,"CenturyLink Field - Seattle, WA"
2013-09-28 12:21:00,South Alabama,24.0,Tennessee,31.0,,
2013-09-28 19:00:00,Texas A&M,45.0,Arkansas,33.0,,
2013-09-28 12:00:00,Southern Methodist,17.0,Texas Christian,48.0,,
2013-09-28 19:00:00,Wyoming,21.0,Texas State,42.0,,
2013-09-28 19:00:00,Tulane,31.0,Louisiana-Monroe,14.0,,
2013-09-28 19:30:00,Alabama-Birmingham,24.0,Vanderbilt,52.0,,
2013-09-28 19:00:00,Arizona,13.0,Washington,31.0,,
2013-09-28 12:00:00,Oklahoma State,21.0,West Virginia,30.0,,
2013-09-28 14:00:00,Navy,7.0,Western Kentucky,19.0,,
2013-10-03 19:30:00,Texas,31.0,Iowa State,30.0,,
2013-10-03 22:00:00,UCLA,34.0,Utah,27.0,,
2013-10-03 19:30:00,Western Kentucky,31.0,Louisiana-Monroe,10.0,,
2013-10-04 20:00:00,Brigham Young,31.0,Utah State,14.0,,
2013-10-04 21:00:00,Nevada,44.0,San Diego State,51.0,,
2013-10-05 12:21:00,Georgia State,3.0,Alabama,45.0,,
2013-10-05 19:00:00,Mississippi,22.0,Auburn,30.0,,
2013-10-05 12:00:00,Ball State,48.0,Virginia,27.0,,
2013-10-05 20:00:00,West Virginia,42.0,Baylor,73.0,,
2013-10-05 13:00:00,Army,27.0,Boston College,48.0,,
2013-10-05 15:30:00,Massachusetts,7.0,Bowling Green State,28.0,,
2013-10-05 12:00:00,Eastern Michigan,14.0,Buffalo,42.0,,
2013-10-05 16:30:00,Central Florida,24.0,Memphis,17.0,,
2013-10-05 13:00:00,Central Michigan,21.0,Miami (OH),9.0,,
2013-10-05 15:30:00,Clemson,49.0,Syracuse,14.0,,
2013-10-05 15:30:00,East Carolina,24.0,Middle Tennessee State,17.0,,
2013-10-05 19:00:00,Arkansas,10.0,Florida,30.0,,
2013-10-05 15:00:00,Florida Atlantic,37.0,Alabama-Birmingham,23.0,,
2013-10-05 16:00:00,Florida International,24.0,Southern Mississippi,23.0,,
2013-10-05 12:00:00,Maryland,0.0,Florida State,63.0,,
2013-10-05 17:00:00,Fresno State,61.0,Idaho,14.0,,
2013-10-05 15:30:00,Georgia,34.0,Tennessee,31.0,,
2013-10-05 12:00:00,Penn State,24.0,Indiana,44.0,,
2013-10-05 19:00:00,Louisiana State,59.0,Mississippi State,26.0,,
2013-10-05 19:30:00,Louisiana Tech,38.0,Texas-El Paso,35.0,,
2013-10-05 19:00:00,Texas State,24.0,Louisiana-Lafayette,48.0,,
2013-10-05 12:00:00,Louisville,30.0,Temple,7.0,,
2013-10-05 14:00:00,Texas-San Antonio,10.0,Marshall,34.0,,
2013-10-05 15:30:00,Georgia Tech,30.0,Miami (FL),45.0,,
2013-10-05 15:30:00,Minnesota,13.0,Michigan,42.0,,
2013-10-05 12:00:00,Michigan State,26.0,Iowa,14.0,,
2013-10-05 19:30:00,Missouri,51.0,Vanderbilt,28.0,,
2013-10-05 11:30:00,Air Force,10.0,Navy,28.0,,
2013-10-05 12:00:00,Illinois,19.0,Nebraska,39.0,,
2013-10-05 19:00:00,New Mexico State,17.0,New Mexico,66.0,,
2013-10-05 15:30:00,Northern Illinois,38.0,Kent State,24.0,,
2013-10-05 19:30:00,Arizona State,34.0,Notre Dame,37.0,,"AT&T Stadium - Arlington, TX"
2013-10-05 14:00:00,Ohio,43.0,Akron,3.0,,
2013-10-05 20:00:00,Ohio State,40.0,Northwestern,30.0,,
2013-10-05 19:00:00,Texas Christian,17.0,Oklahoma,20.0,,
2013-10-05 15:30:00,Kansas State,29.0,Oklahoma State,33.0,,
2013-10-05 18:00:00,Oregon,57.0,Colorado,16.0,,
2013-10-05 15:30:00,Rice,30.0,Tulsa,27.0,,
2013-10-05 12:00:00,Rutgers,55.0,Southern Methodist,52.0,,
2013-10-05 23:59:00,San Jose State,37.0,Hawaii,27.0,,
2013-10-05 19:30:00,Kentucky,28.0,South Carolina,35.0,,
2013-10-05 19:00:00,Cincinnati,20.0,South Florida,26.0,,
2013-10-05 22:30:00,Washington,28.0,Stanford,31.0,,
2013-10-05 12:00:00,Texas Tech,54.0,Kansas,16.0,,
2013-10-05 15:00:00,Western Michigan,20.0,Toledo,47.0,,
2013-10-05 13:00:00,South Alabama,33.0,Troy,34.0,,
2013-10-05 15:30:00,North Texas,21.0,Tulane,24.0,,
2013-10-05 12:30:00,North Carolina,17.0,Virginia Tech,27.0,,
2013-10-05 15:30:00,North Carolina State,13.0,Wake Forest,28.0,,
2013-10-05 16:00:00,Washington State,44.0,California,22.0,,
2013-10-10 19:30:00,Rutgers,10.0,Louisville,24.0,,
2013-10-10 21:00:00,San Diego State,27.0,Air Force,20.0,,
2013-10-10 22:30:00,Arizona,31.0,Southern California,38.0,,
2013-10-11 20:30:00,Temple,20.0,Cincinnati,38.0,,
2013-10-12 19:00:00,Alabama,48.0,Kentucky,7.0,,
2013-10-12 19:30:00,Alabama-Birmingham,27.0,Florida International,24.0,,
2013-10-12 22:00:00,Colorado,13.0,Arizona State,54.0,,
2013-10-12 19:00:00,Idaho,24.0,Arkansas State,48.0,,
2013-10-12 12:00:00,Eastern Michigan,25.0,Army,50.0,,
2013-10-12 14:00:00,Western Carolina,3.0,Auburn,62.0,,
2013-10-12 15:00:00,Kent State,24.0,Ball State,27.0,,
2013-10-12 15:30:00,Baylor,35.0,Kansas State,25.0,,
2013-10-12 20:00:00,Boise State,34.0,Utah State,23.0,,
2013-10-12 19:00:00,Georgia Tech,20.0,Brigham Young,38.0,,
2013-10-12 14:00:00,Buffalo,33.0,Western Michigan,0.0,,
2013-10-12 14:00:00,Central Michigan,26.0,Ohio,23.0,,
2013-10-12 15:30:00,Boston College,14.0,Clemson,24.0,,
2013-10-12 12:30:00,Navy,7.0,Duke,35.0,,
2013-10-12 12:00:00,Memphis,15.0,Houston,25.0,,"BBVA Compass Stadium - Houston, TX"
2013-10-12 15:30:00,Florida,6.0,Louisiana State,17.0,,
2013-10-12 19:00:00,Louisiana-Monroe,21.0,Texas State,14.0,,
2013-10-12 17:00:00,Marshall,24.0,Florida Atlantic,23.0,,
2013-10-12 15:30:00,Virginia,26.0,Maryland,27.0,,
2013-10-12 15:00:00,Miami (OH),10.0,Massachusetts,17.0,,
2013-10-12 12:00:00,Indiana,28.0,Michigan State,42.0,,
2013-10-12 19:30:00,Bowling Green State,20.0,Mississippi State,21.0,,
2013-10-12 12:00:00,Missouri,41.0,Georgia,26.0,,
2013-10-12 12:00:00,Nebraska,44.0,Purdue,7.0,,
2013-10-12 20:05:00,Hawaii,37.0,Nevada-Las Vegas,39.0,,
2013-10-12 19:00:00,Middle Tennessee State,7.0,North Texas,34.0,,
2013-10-12 17:00:00,Akron,20.0,Northern Illinois,27.0,,
2013-10-12 16:00:00,Oregon,45.0,Washington,24.0,,
2013-10-12 22:30:00,Oregon State,52.0,Washington State,24.0,,
2013-10-12 17:00:00,Michigan,40.0,Penn State,43.0,,
2013-10-12 16:00:00,Rice,27.0,Texas-San Antonio,21.0,,
2013-10-12 15:30:00,San Jose State,34.0,Colorado State,27.0,,
2013-10-12 12:21:00,South Carolina,52.0,Arkansas,7.0,,
2013-10-12 12:00:00,South Florida,13.0,Connecticut,10.0,,
2013-10-12 15:30:00,Syracuse,24.0,North Carolina State,10.0,,
2013-10-12 12:00:00,Oklahoma,20.0,Texas,36.0,,"Cotton Bowl - Dallas, TX"
2013-10-12 20:30:00,Texas A&M,41.0,Mississippi,38.0,,
2013-10-12 12:00:00,Kansas,17.0,Texas Christian,27.0,,
2013-10-12 12:00:00,Iowa State,35.0,Texas Tech,42.0,,
2013-10-12 15:30:00,Troy,35.0,Georgia State,28.0,,
2013-10-12 15:30:00,East Carolina,33.0,Tulane,36.0,,
2013-10-12 20:00:00,Tulsa,34.0,Texas-El Paso,20.0,,
2013-10-12 22:30:00,California,10.0,UCLA,37.0,,
2013-10-12 18:00:00,Stanford,21.0,Utah,27.0,,
2013-10-12 12:00:00,Pittsburgh,9.0,Virginia Tech,19.0,,
2013-10-12 15:30:00,Northwestern,6.0,Wisconsin,35.0,,
2013-10-12 15:30:00,New Mexico,31.0,Wyoming,38.0,,
2013-10-15 20:00:00,Louisiana-Lafayette,37.0,Western Kentucky,20.0,,
2013-10-17 19:45:00,Miami (FL),27.0,North Carolina,23.0,,
2013-10-18 20:00:00,Central Florida,38.0,Louisville,35.0,,
2013-10-19 13:00:00,Akron,24.0,Miami (OH),17.0,,
2013-10-19 19:00:00,Arkansas,0.0,Alabama,52.0,,
2013-10-19 22:00:00,Utah,24.0,Arizona,35.0,,
2013-10-19 18:00:00,Washington,24.0,Arizona State,53.0,,
2013-10-19 15:30:00,Auburn,45.0,Texas A&M,41.0,,
2013-10-19 14:00:00,Ball State,38.0,Western Michigan,17.0,,
2013-10-19 19:00:00,Iowa State,7.0,Baylor,71.0,,
2013-10-19 20:00:00,Nevada,17.0,Boise State,34.0,,
2013-10-19 15:30:00,Houston,46.0,Brigham Young,47.0,,"Reliant Stadium - Houston, TX"
2013-10-19 15:30:00,Massachusetts,3.0,Buffalo,32.0,,
2013-10-19 12:00:00,Connecticut,16.0,Cincinnati,41.0,,
2013-10-19 14:00:00,Charleston Southern,10.0,Colorado,43.0,,
2013-10-19 14:00:00,Colorado State,52.0,Wyoming,22.0,,
2013-10-19 15:30:00,Duke,35.0,Virginia,22.0,,
2013-10-19 12:00:00,Southern Mississippi,14.0,East Carolina,55.0,,
2013-10-19 20:00:00,Florida State,51.0,Clemson,14.0,,
2013-10-19 22:00:00,Nevada-Las Vegas,14.0,Fresno State,38.0,,
2013-10-19 12:30:00,Syracuse,0.0,Georgia Tech,56.0,,
2013-10-19 15:30:00,Indiana,47.0,Michigan,63.0,,
2013-10-19 12:00:00,Purdue,0.0,Michigan State,14.0,,
2013-10-19 12:00:00,Minnesota,20.0,Northwestern,17.0,,
2013-10-19 19:00:00,Louisiana State,24.0,Mississippi,27.0,,
2013-10-19 12:21:00,Florida,17.0,Missouri,36.0,,
2013-10-19 15:30:00,North Texas,28.0,Louisiana Tech,13.0,,
2013-10-19 15:00:00,Northern Illinois,38.0,Central Michigan,17.0,,
2013-10-19 19:30:00,Southern California,10.0,Notre Dame,14.0,,
2013-10-19 13:00:00,Ohio,56.0,Eastern Michigan,28.0,,
2013-10-19 15:30:00,Iowa,24.0,Ohio State,34.0,,
2013-10-19 15:30:00,Oklahoma,34.0,Kansas,19.0,,
2013-10-19 12:00:00,Texas Christian,10.0,Oklahoma State,24.0,,
2013-10-19 22:00:00,Washington State,38.0,Oregon,62.0,,
2013-10-19 22:30:00,Oregon State,49.0,California,17.0,,
2013-10-19 19:00:00,Old Dominion,24.0,Pittsburgh,35.0,,
2013-10-19 20:00:00,Rice,45.0,New Mexico State,19.0,,
2013-10-19 15:00:00,Kent State,21.0,South Alabama,38.0,,
2013-10-19 12:00:00,Southern Methodist,34.0,Memphis,29.0,,
2013-10-19 15:30:00,UCLA,10.0,Stanford,24.0,,
2013-10-19 13:05:00,Army,14.0,Temple,33.0,,
2013-10-19 12:00:00,South Carolina,21.0,Tennessee,23.0,,
2013-10-19 19:00:00,Georgia State,17.0,Texas State,24.0,,
2013-10-19 12:00:00,Texas Tech,37.0,West Virginia,27.0,,
2013-10-19 12:00:00,Navy,44.0,Toledo,45.0,,
2013-10-19 21:00:00,Utah State,45.0,New Mexico,10.0,,
2013-10-19 12:00:00,Georgia,27.0,Vanderbilt,31.0,,
2013-10-19 15:30:00,Maryland,10.0,Wake Forest,34.0,,
2013-10-19 20:00:00,Wisconsin,56.0,Illinois,32.0,,
2013-10-22 20:00:00,Louisiana-Lafayette,23.0,Arkansas State,7.0,,
2013-10-24 19:30:00,Marshall,49.0,Middle Tennessee State,51.0,,
2013-10-24 19:30:00,Kentucky,22.0,Mississippi State,28.0,,
2013-10-25 20:00:00,Boise State,20.0,Brigham Young,37.0,,
2013-10-26 15:30:00,Tennessee,10.0,Alabama,45.0,,
2013-10-26 20:00:00,Arizona,44.0,Colorado,20.0,,
2013-10-26 19:30:00,Florida Atlantic,10.0,Auburn,45.0,,
2013-10-26 12:00:00,Ball State,42.0,Akron,24.0,,
2013-10-26 19:00:00,Baylor,59.0,Kansas,14.0,,
2013-10-26 15:30:00,Buffalo,41.0,Kent State,21.0,,
2013-10-26 12:00:00,Connecticut,17.0,Central Florida,62.0,,
2013-10-26 15:30:00,Clemson,40.0,Maryland,27.0,,
2013-10-26 23:59:00,Colorado State,35.0,Hawaii,28.0,,
2013-10-26 15:30:00,Duke,13.0,Virginia Tech,10.0,,
2013-10-26 15:30:00,North Carolina State,17.0,Florida State,49.0,,
2013-10-26 22:30:00,Fresno State,35.0,San Diego State,28.0,,
2013-10-26 12:30:00,Georgia Tech,35.0,Virginia,25.0,,
2013-10-26 12:00:00,Houston,49.0,Rutgers,14.0,,
2013-10-26 12:00:00,Northwestern,10.0,Iowa,17.0,,
2013-10-26 15:45:00,West Virginia,12.0,Kansas State,35.0,,
2013-10-26 19:00:00,Furman,16.0,Louisiana State,48.0,,
2013-10-26 18:00:00,Louisiana Tech,23.0,Florida International,7.0,,
2013-10-26 19:00:00,Georgia State,10.0,Louisiana-Monroe,38.0,,
2013-10-26 12:00:00,Louisville,34.0,South Florida,3.0,,
2013-10-26 12:00:00,Wake Forest,21.0,Miami (FL),24.0,,
2013-10-26 15:30:00,Michigan State,42.0,Illinois,3.0,,
2013-10-26 12:00:00,Nebraska,23.0,Minnesota,34.0,,
2013-10-26 19:30:00,Idaho,14.0,Mississippi,59.0,,
2013-10-26 13:00:00,Pittsburgh,21.0,Navy,24.0,,
2013-10-26 18:05:00,Nevada-Las Vegas,27.0,Nevada,22.0,,
2013-10-26 20:00:00,Abilene Christian,29.0,New Mexico State,34.0,,
2013-10-26 15:30:00,Boston College,10.0,North Carolina,34.0,,
2013-10-26 19:00:00,North Texas,55.0,Southern Mississippi,14.0,,
2013-10-26 15:30:00,Eastern Michigan,20.0,Northern Illinois,59.0,,
2013-10-26 17:00:00,Notre Dame,45.0,Air Force,10.0,,
2013-10-26 14:00:00,Miami (OH),16.0,Ohio,41.0,,
2013-10-26 20:00:00,Penn State,14.0,Ohio State,63.0,,
2013-10-26 16:45:00,Texas Tech,30.0,Oklahoma,38.0,,
2013-10-26 12:00:00,Oklahoma State,58.0,Iowa State,27.0,,
2013-10-26 19:00:00,UCLA,14.0,Oregon,42.0,,
2013-10-26 15:30:00,Texas-El Paso,7.0,Rice,45.0,,
2013-10-26 19:00:00,Wyoming,44.0,San Jose State,51.0,,
2013-10-26 19:00:00,South Carolina,27.0,Missouri,24.0,,
2013-10-26 16:00:00,Utah,3.0,Southern California,19.0,,
2013-10-26 15:00:00,Temple,49.0,Southern Methodist,59.0,,
2013-10-26 22:30:00,Stanford,20.0,Oregon State,12.0,,
2013-10-26 19:30:00,Texas,30.0,Texas Christian,7.0,,
2013-10-26 12:21:00,Vanderbilt,24.0,Texas A&M,56.0,,
2013-10-26 19:00:00,South Alabama,31.0,Texas State,33.0,,
2013-10-26 17:00:00,Alabama-Birmingham,31.0,Texas-San Antonio,52.0,,
2013-10-26 14:30:00,Toledo,28.0,Bowling Green State,25.0,,
2013-10-26 16:00:00,Troy,32.0,Western Kentucky,26.0,,
2013-10-26 15:30:00,Tulsa,7.0,Tulane,14.0,,
2013-10-26 23:00:00,California,17.0,Washington,41.0,,
2013-10-26 15:00:00,Western Michigan,31.0,Massachusetts,30.0,,
2013-10-30 20:00:00,Cincinnati,34.0,Memphis,21.0,,
2013-10-31 22:30:00,Arizona State,55.0,Washington State,21.0,,
2013-10-31 19:00:00,South Florida,23.0,Houston,35.0,,
2013-10-31 19:30:00,Louisiana-Monroe,49.0,Troy,37.0,,
2013-10-31 19:30:00,Rice,16.0,North Texas,28.0,,
2013-11-01 21:00:00,Southern California,31.0,Oregon State,14.0,,
2013-11-02 12:00:00,Army,28.0,Air Force,42.0,,
2013-11-02 15:30:00,Kent State,7.0,Akron,16.0,,
2013-11-02 15:30:00,Arizona,33.0,California,28.0,,
2013-11-02 19:30:00,Arkansas State,17.0,South Alabama,16.0,,
2013-11-02 18:00:00,Auburn,35.0,Arkansas,17.0,,
2013-11-02 20:00:00,Boise State,42.0,Colorado State,30.0,,
2013-11-02 12:00:00,Virginia Tech,27.0,Boston College,34.0,,
2013-11-02 15:30:00,Clemson,59.0,Virginia,10.0,,
2013-11-02 18:00:00,East Carolina,34.0,Florida International,13.0,,
2013-11-02 17:00:00,Tulane,17.0,Florida Atlantic,34.0,,
2013-11-02 20:00:00,Miami (FL),14.0,Florida State,41.0,,
2013-11-02 22:30:00,Nevada,23.0,Fresno State,41.0,,
2013-11-02 15:30:00,Florida,20.0,Georgia,23.0,,"EverBank Field - Jacksonville, FL"
2013-11-02 19:00:00,Pittsburgh,10.0,Georgia Tech,21.0,,
2013-11-02 15:30:00,Iowa State,7.0,Kansas State,41.0,,
2013-11-02 19:30:00,Alabama State,14.0,Kentucky,48.0,,
2013-11-02 17:00:00,New Mexico State,35.0,Louisiana-Lafayette,49.0,,
2013-11-02 12:00:00,Southern Mississippi,13.0,Marshall,61.0,,
2013-11-02 15:30:00,Michigan,6.0,Michigan State,29.0,,
2013-11-02 13:00:00,Middle Tennessee State,24.0,Alabama-Birmingham,21.0,,
2013-11-02 15:30:00,Minnesota,42.0,Indiana,39.0,,
2013-11-02 19:00:00,Tennessee,3.0,Missouri,31.0,,
2013-11-02 15:30:00,Northwestern,24.0,Nebraska,27.0,,
2013-11-02 12:30:00,North Carolina,27.0,North Carolina State,19.0,,
2013-11-02 12:00:00,Northern Illinois,63.0,Massachusetts,19.0,,
2013-11-02 15:30:00,Navy,34.0,Notre Dame,38.0,,
2013-11-02 12:00:00,Ohio State,56.0,Purdue,0.0,,
2013-11-02 19:00:00,Oklahoma State,52.0,Texas Tech,34.0,,
2013-11-02 12:00:00,Illinois,17.0,Penn State,24.0,,
2013-11-02 12:00:00,Temple,20.0,Rutgers,23.0,,
2013-11-02 20:00:00,New Mexico,30.0,San Diego State,35.0,,
2013-11-02 16:00:00,San Jose State,34.0,Nevada-Las Vegas,24.0,,
2013-11-02 12:21:00,Mississippi State,16.0,South Carolina,34.0,,
2013-11-02 12:30:00,Wake Forest,0.0,Syracuse,13.0,,
2013-11-02 15:30:00,Kansas,13.0,Texas,35.0,,
2013-11-02 21:00:00,Texas-El Paso,7.0,Texas A&M,57.0,,
2013-11-02 17:00:00,Texas State,37.0,Idaho,21.0,,
2013-11-02 15:30:00,Texas-San Antonio,34.0,Tulsa,15.0,,
2013-11-02 19:00:00,Eastern Michigan,16.0,Toledo,55.0,,
2013-11-02 19:30:00,Colorado,23.0,UCLA,45.0,,
2013-11-02 16:00:00,Hawaii,10.0,Utah State,47.0,,
2013-11-02 15:30:00,West Virginia,30.0,Texas Christian,27.0,,
2013-11-02 13:00:00,Western Kentucky,44.0,Georgia State,28.0,,
2013-11-02 12:06:00,Wisconsin,28.0,Iowa,9.0,,
2013-11-05 20:00:00,Bowling Green State,45.0,Miami (OH),3.0,,
2013-11-05 20:00:00,Ohio,3.0,Buffalo,30.0,,
2013-11-06 20:00:00,Central Michigan,24.0,Ball State,44.0,,
2013-11-07 19:30:00,Oklahoma,12.0,Baylor,41.0,,
2013-11-07 19:30:00,Troy,36.0,Louisiana-Lafayette,41.0,,
2013-11-07 21:00:00,Oregon,20.0,Stanford,26.0,,
2013-11-08 20:30:00,Louisville,31.0,Connecticut,10.0,,
2013-11-08 21:00:00,Air Force,37.0,New Mexico,45.0,,
2013-11-09 20:00:00,Louisiana State,17.0,Alabama,38.0,,
2013-11-09 16:00:00,Arizona State,20.0,Utah,19.0,,
2013-11-09 19:00:00,Arkansas State,42.0,Louisiana-Monroe,14.0,,
2013-11-09 12:00:00,Auburn,55.0,Tennessee,23.0,,
2013-11-09 15:30:00,Boston College,48.0,New Mexico State,34.0,,
2013-11-09 19:00:00,Houston,14.0,Central Florida,19.0,,
2013-11-09 12:00:00,Southern Methodist,25.0,Cincinnati,28.0,,
2013-11-09 15:30:00,Nevada,17.0,Colorado State,38.0,,
2013-11-09 16:00:00,North Carolina State,20.0,Duke,38.0,,
2013-11-09 15:45:00,Tulsa,24.0,East Carolina,58.0,,
2013-11-09 13:00:00,Western Michigan,32.0,Eastern Michigan,35.0,,
2013-11-09 12:00:00,Florida State,59.0,Wake Forest,3.0,,
2013-11-09 22:15:00,Fresno State,48.0,Wyoming,10.0,,
2013-11-09 12:30:00,Appalachian State,6.0,Georgia,45.0,,
2013-11-09 15:30:00,Illinois,35.0,Indiana,52.0,,
2013-11-09 12:00:00,Iowa,38.0,Purdue,14.0,,
2013-11-09 12:00:00,Kansas State,49.0,Texas Tech,26.0,,
2013-11-09 19:00:00,Southern Mississippi,13.0,Louisiana Tech,36.0,,
2013-11-09 12:00:00,Alabama-Birmingham,14.0,Marshall,56.0,,
2013-11-09 16:30:00,Tennessee-Martin,6.0,Memphis,21.0,,
2013-11-09 16:00:00,Florida International,0.0,Middle Tennessee State,48.0,,
2013-11-09 12:00:00,Penn State,10.0,Minnesota,24.0,,
2013-11-09 12:21:00,Arkansas,24.0,Mississippi,34.0,,
2013-11-09 12:00:00,Missouri,48.0,Kentucky,17.0,,
2013-11-09 15:30:00,Hawaii,28.0,Navy,42.0,,
2013-11-09 15:30:00,Nebraska,17.0,Michigan,13.0,,
2013-11-09 12:30:00,Virginia,14.0,North Carolina,45.0,,
2013-11-09 15:30:00,Texas-El Paso,7.0,North Texas,41.0,,
2013-11-09 16:00:00,Kansas,6.0,Oklahoma State,42.0,,
2013-11-09 17:00:00,Old Dominion,59.0,Idaho,38.0,,
2013-11-09 20:00:00,Notre Dame,21.0,Pittsburgh,28.0,,
2013-11-09 22:30:00,San Diego State,34.0,San Jose State,30.0,,
2013-11-09 15:00:00,Southern California,62.0,California,28.0,,
2013-11-09 15:30:00,Syracuse,20.0,Maryland,3.0,,
2013-11-09 19:00:00,Texas,47.0,West Virginia,40.0,,
2013-11-09 15:30:00,Mississippi State,41.0,Texas A&M,51.0,,
2013-11-09 12:00:00,Texas Christian,21.0,Iowa State,17.0,,
2013-11-09 14:00:00,Tulane,7.0,Texas-San Antonio,10.0,,
2013-11-09 22:00:00,UCLA,31.0,Arizona,26.0,,
2013-11-09 20:00:00,Utah State,28.0,Nevada-Las Vegas,24.0,,
2013-11-09 12:00:00,Vanderbilt,34.0,Florida,17.0,,
2013-11-09 19:00:00,Virginia Tech,42.0,Miami (FL),24.0,,
2013-11-09 20:00:00,Colorado,7.0,Washington,59.0,,
2013-11-09 12:00:00,Western Kentucky,21.0,Army,17.0,,
2013-11-09 15:30:00,Brigham Young,17.0,Wisconsin,27.0,,
2013-11-12 19:30:00,Ohio,0.0,Bowling Green State,49.0,,
2013-11-12 19:30:00,Buffalo,41.0,Toledo,51.0,,
2013-11-13 20:00:00,Miami (OH),6.0,Kent State,24.0,,
2013-11-13 20:00:00,Ball State,27.0,Northern Illinois,48.0,,
2013-11-14 19:30:00,Georgia Tech,31.0,Clemson,55.0,,
2013-11-14 19:30:00,Marshall,45.0,Tulsa,34.0,,
2013-11-15 21:00:00,Washington,31.0,UCLA,41.0,,
2013-11-16 13:00:00,Massachusetts,13.0,Akron,14.0,,"Gillette Stadium - Foxboro, MA"
2013-11-16 19:45:00,Alabama,20.0,Mississippi State,7.0,,
2013-11-16 21:30:00,Oregon State,17.0,Arizona State,30.0,,
2013-11-16 19:30:00,Texas State,21.0,Arkansas State,38.0,,
2013-11-16 15:30:00,Georgia,38.0,Auburn,43.0,,
2013-11-16 19:00:00,Texas Tech,34.0,Baylor,63.0,,"AT&T Stadium - Arlington, TX"
2013-11-16 22:15:00,Wyoming,7.0,Boise State,48.0,,
2013-11-16 12:30:00,North Carolina State,21.0,Boston College,38.0,,
2013-11-16 15:00:00,Idaho State,13.0,Brigham Young,59.0,,
2013-11-16 12:00:00,Central Florida,39.0,Temple,36.0,,
2013-11-16 12:00:00,Central Michigan,27.0,Western Michigan,22.0,,
2013-11-16 12:00:00,Cincinnati,52.0,Rutgers,17.0,,
2013-11-16 17:30:00,California,24.0,Colorado,41.0,,
2013-11-16 19:00:00,Colorado State,66.0,New Mexico,42.0,,
2013-11-16 15:30:00,Miami (FL),30.0,Duke,48.0,,
2013-11-16 14:00:00,Alabama-Birmingham,14.0,East Carolina,63.0,,
2013-11-16 12:30:00,Florida Atlantic,41.0,Southern Mississippi,7.0,,
2013-11-16 15:30:00,Syracuse,3.0,Florida State,59.0,,
2013-11-16 12:00:00,West Virginia,19.0,Kansas,31.0,,
2013-11-16 15:30:00,Texas Christian,31.0,Kansas State,33.0,,
2013-11-16 14:00:00,Louisiana-Lafayette,35.0,Georgia State,21.0,,
2013-11-16 19:00:00,Houston,13.0,Louisville,20.0,,
2013-11-16 12:30:00,Maryland,27.0,Virginia Tech,24.0,,
2013-11-16 19:00:00,Memphis,23.0,South Florida,10.0,,
2013-11-16 15:30:00,Michigan,27.0,Northwestern,19.0,,
2013-11-16 15:30:00,Michigan State,41.0,Nebraska,28.0,,
2013-11-16 12:00:00,Troy,21.0,Mississippi,51.0,,
2013-11-16 15:30:00,South Alabama,14.0,Navy,42.0,,
2013-11-16 22:30:00,San Jose State,16.0,Nevada,38.0,,
2013-11-16 12:30:00,North Carolina,34.0,Pittsburgh,27.0,,
2013-11-16 12:00:00,Ohio State,60.0,Illinois,35.0,,
2013-11-16 12:00:00,Iowa State,10.0,Oklahoma,48.0,,
2013-11-16 15:30:00,Oklahoma State,38.0,Texas,13.0,,
2013-11-16 16:00:00,Utah,21.0,Oregon,44.0,,
2013-11-16 12:00:00,Purdue,21.0,Penn State,45.0,,
2013-11-16 19:00:00,Louisiana Tech,14.0,Rice,52.0,,
2013-11-16 22:30:00,San Diego State,28.0,Hawaii,21.0,,
2013-11-16 19:00:00,Florida,14.0,South Carolina,19.0,,
2013-11-16 20:00:00,Stanford,17.0,Southern California,20.0,,
2013-11-16 15:00:00,Connecticut,21.0,Southern Methodist,38.0,,
2013-11-16 20:00:00,Florida International,10.0,Texas-El Paso,33.0,,
2013-11-16 12:21:00,Kentucky,6.0,Vanderbilt,22.0,,
2013-11-16 14:00:00,Washington State,24.0,Arizona,17.0,,
2013-11-16 12:00:00,Indiana,3.0,Wisconsin,51.0,,
2013-11-19 20:00:00,Buffalo,44.0,Miami (OH),7.0,,
2013-11-19 20:00:00,Kent State,44.0,Ohio,13.0,,
2013-11-20 20:00:00,Northern Illinois,35.0,Toledo,17.0,,
2013-11-21 19:30:00,Rutgers,17.0,Central Florida,41.0,,
2013-11-21 21:30:00,Nevada-Las Vegas,41.0,Air Force,21.0,,
2013-11-21 19:30:00,Rice,37.0,Alabama-Birmingham,34.0,,
2013-11-22 21:30:00,Navy,58.0,San Jose State,52.0,,
2013-11-23 14:00:00,Chattanooga,0.0,Alabama,49.0,,
2013-11-23 15:30:00,Oregon,16.0,Arizona,42.0,,
2013-11-23 19:00:00,Arizona State,38.0,UCLA,33.0,,
2013-11-23 15:00:00,Georgia State,33.0,Arkansas State,35.0,,
2013-11-23 15:30:00,Boston College,29.0,Maryland,26.0,,
2013-11-23 13:00:00,Bowling Green State,58.0,Eastern Michigan,7.0,,
2013-11-23 13:00:00,Massachusetts,0.0,Central Michigan,37.0,,
2013-11-23 12:00:00,Houston,17.0,Cincinnati,24.0,,"BBVA Compass Stadium - Houston, TX"
2013-11-23 12:00:00,Citadel,6.0,Clemson,52.0,,
2013-11-23 19:00:00,Connecticut,28.0,Temple,21.0,,
2013-11-23 12:00:00,Duke,28.0,Wake Forest,21.0,,
2013-11-23 12:30:00,East Carolina,42.0,North Carolina State,28.0,,
2013-11-23 15:00:00,New Mexico State,10.0,Florida Atlantic,55.0,,
2013-11-23 15:30:00,Idaho,14.0,Florida State,80.0,,
2013-11-23 16:00:00,New Mexico,28.0,Fresno State,69.0,,
2013-11-23 19:00:00,Kentucky,17.0,Georgia,59.0,,
2013-11-23 14:00:00,Georgia Southern,26.0,Florida,20.0,,
2013-11-23 13:30:00,Alabama A&M,7.0,Georgia Tech,66.0,,
2013-11-23 12:00:00,Illinois,20.0,Purdue,16.0,,
2013-11-23 12:00:00,Michigan,21.0,Iowa,24.0,,
2013-11-23 20:00:00,Kansas,0.0,Iowa State,34.0,,
2013-11-23 15:30:00,Texas A&M,10.0,Louisiana State,34.0,,
2013-11-23 12:00:00,Memphis,17.0,Louisville,24.0,,
2013-11-23 18:00:00,Marshall,48.0,Florida International,10.0,,
2013-11-23 12:00:00,Virginia,26.0,Miami (FL),45.0,,
2013-11-23 12:00:00,Michigan State,30.0,Northwestern,6.0,,
2013-11-23 15:30:00,Middle Tennessee State,42.0,Southern Mississippi,21.0,,
2013-11-23 12:21:00,Mississippi State,24.0,Arkansas,17.0,,
2013-11-23 19:45:00,Missouri,24.0,Mississippi,10.0,,
2013-11-23 15:30:00,Nebraska,23.0,Penn State,20.0,,
2013-11-23 12:00:00,Old Dominion,20.0,North Carolina,80.0,,
2013-11-23 15:30:00,Brigham Young,13.0,Notre Dame,23.0,,
2013-11-23 15:30:00,Indiana,14.0,Ohio State,42.0,,
2013-11-23 12:00:00,Oklahoma,41.0,Kansas State,31.0,,
2013-11-23 20:00:00,Baylor,17.0,Oklahoma State,49.0,,
2013-11-23 12:30:00,Pittsburgh,17.0,Syracuse,16.0,,
2013-11-23 22:30:00,Boise State,31.0,San Diego State,34.0,,
2013-11-23 19:00:00,Louisiana-Monroe,14.0,South Alabama,36.0,,
2013-11-23 13:00:00,Coastal Carolina,10.0,South Carolina,70.0,,
2013-11-23 21:30:00,Southern California,47.0,Colorado,29.0,,
2013-11-23 19:00:00,Southern Methodist,16.0,South Florida,6.0,,
2013-11-23 16:00:00,California,13.0,Stanford,63.0,,
2013-11-23 15:30:00,Texas-San Antonio,21.0,North Texas,13.0,,
2013-11-23 15:30:00,Texas-El Paso,3.0,Tulane,45.0,,
2013-11-23 19:00:00,Tulsa,24.0,Louisiana Tech,14.0,,
2013-11-23 15:30:00,Colorado State,0.0,Utah State,13.0,,
2013-11-23 19:00:00,Vanderbilt,14.0,Tennessee,10.0,,
2013-11-23 22:30:00,Washington,69.0,Oregon State,27.0,,
2013-11-23 15:30:00,Utah,37.0,Washington State,49.0,,
2013-11-23 19:00:00,Western Kentucky,38.0,Texas State,7.0,,
2013-11-23 15:30:00,Wisconsin,20.0,Minnesota,7.0,,
2013-11-23 14:05:00,Hawaii,56.0,Wyoming,59.0,,
2013-11-26 19:00:00,Western Michigan,14.0,Northern Illinois,33.0,,
2013-11-28 19:30:00,Mississippi,10.0,Mississippi State,17.0,,
2013-11-28 19:30:00,Texas Tech,16.0,Texas,41.0,,
2013-11-29 12:00:00,Toledo,29.0,Akron,31.0,,
2013-11-29 13:00:00,Miami (OH),14.0,Ball State,55.0,,
2013-11-29 13:30:00,Buffalo,7.0,Bowling Green State,24.0,,"Ralph Wilson Stadium - Orchard Park, NY"
2013-11-29 20:00:00,South Florida,20.0,Central Florida,23.0,,
2013-11-29 14:00:00,Eastern Michigan,10.0,Central Michigan,42.0,,
2013-11-29 15:00:00,Florida International,6.0,Florida Atlantic,21.0,,
2013-11-29 12:00:00,Southern Methodist,0.0,Houston,34.0,,"Reliant Stadium - Houston, TX"
2013-11-29 12:00:00,Iowa,38.0,Nebraska,17.0,,
2013-11-29 14:30:00,Arkansas,27.0,Louisiana State,31.0,,
2013-11-29 12:00:00,East Carolina,28.0,Marshall,59.0,,
2013-11-29 15:30:00,Miami (FL),41.0,Pittsburgh,31.0,,
2013-11-29 14:00:00,Massachusetts,23.0,Ohio,51.0,,
2013-11-29 19:00:00,Oregon State,35.0,Oregon,36.0,,
2013-11-29 15:30:00,Fresno State,52.0,San Jose State,62.0,,
2013-11-29 14:00:00,Texas State,28.0,Troy,42.0,,
2013-11-29 15:30:00,Washington State,17.0,Washington,27.0,,
2013-11-30 21:30:00,Arizona,21.0,Arizona State,58.0,,
2013-11-30 15:30:00,Alabama,28.0,Auburn,34.0,,
2013-11-30 15:30:00,Baylor,41.0,Texas Christian,38.0,,
2013-11-30 22:15:00,New Mexico,17.0,Boise State,45.0,,
2013-11-30 15:05:00,Brigham Young,28.0,Nevada,23.0,,
2013-11-30 14:00:00,Air Force,13.0,Colorado State,58.0,,
2013-11-30 12:00:00,Rutgers,17.0,Connecticut,28.0,,
2013-11-30 12:00:00,Duke,27.0,North Carolina,25.0,,
2013-11-30 12:00:00,Florida State,37.0,Florida,7.0,,
2013-11-30 15:30:00,Georgia,41.0,Georgia Tech,34.0,,
2013-11-30 23:00:00,Army,42.0,Hawaii,49.0,,
2013-11-30 15:30:00,Purdue,36.0,Indiana,56.0,,
2013-11-30 16:00:00,Iowa State,52.0,West Virginia,44.0,,
2013-11-30 12:00:00,Kansas State,31.0,Kansas,10.0,,
2013-11-30 19:00:00,Louisiana-Monroe,31.0,Louisiana-Lafayette,28.0,,
2013-11-30 12:30:00,Maryland,41.0,North Carolina State,21.0,,
2013-11-30 12:00:00,Minnesota,3.0,Michigan State,14.0,,
2013-11-30 15:45:00,Texas-El Paso,17.0,Middle Tennessee State,48.0,,
2013-11-30 19:45:00,Texas A&M,21.0,Missouri,28.0,,
2013-11-30 22:30:00,San Diego State,19.0,Nevada-Las Vegas,45.0,,
2013-11-30 15:30:00,Idaho,16.0,New Mexico State,24.0,,
2013-11-30 14:30:00,North Texas,42.0,Tulsa,10.0,,
2013-11-30 15:30:00,Northwestern,37.0,Illinois,34.0,,
2013-11-30 12:00:00,Ohio State,42.0,Michigan,41.0,,
2013-11-30 15:30:00,Penn State,31.0,Wisconsin,24.0,,
2013-11-30 15:00:00,Tulane,13.0,Rice,17.0,,
2013-11-30 14:00:00,South Alabama,38.0,Georgia State,17.0,,
2013-11-30 19:00:00,Clemson,17.0,South Carolina,31.0,,
2013-11-30 13:00:00,Southern Mississippi,62.0,Alabama-Birmingham,27.0,,
2013-11-30 19:00:00,Notre Dame,20.0,Stanford,27.0,,
2013-11-30 15:30:00,Boston College,31.0,Syracuse,34.0,,
2013-11-30 12:00:00,Temple,41.0,Memphis,21.0,,
2013-11-30 19:00:00,Tennessee,27.0,Kentucky,14.0,,
2013-11-30 15:30:00,Louisiana Tech,10.0,Texas-San Antonio,30.0,,
2013-11-30 20:00:00,UCLA,35.0,Southern California,14.0,,
2013-11-30 14:00:00,Colorado,17.0,Utah,24.0,,
2013-11-30 14:00:00,Wyoming,7.0,Utah State,35.0,,
2013-11-30 12:21:00,Wake Forest,21.0,Vanderbilt,23.0,,
2013-11-30 15:30:00,Virginia Tech,16.0,Virginia,6.0,,
2013-11-30 16:00:00,Arkansas State,31.0,Western Kentucky,34.0,,
2013-12-05 19:30:00,Louisville,31.0,Cincinnati,24.0,,
2013-12-06 20:00:00,Northern Illinois,27.0,Bowling Green State,47.0,,"Mid-American Championship - Ford Field, Detroit, MI"
2013-12-07 16:00:00,Missouri,42.0,Auburn,59.0,,"SEC Championship - Georgia Dome, Atlanta, GA"
2013-12-07 15:30:00,Texas,10.0,Baylor,30.0,,
2013-12-07 12:00:00,Central Florida,17.0,Southern Methodist,13.0,,
2013-12-07 13:00:00,Memphis,10.0,Connecticut,45.0,,
2013-12-07 20:00:00,Duke,7.0,Florida State,45.0,,"ACC Championship - Bank of America Stadium, Charlotte, NC"
2013-12-07 22:00:00,Utah State,17.0,Fresno State,24.0,,
2013-12-07 20:17:00,Ohio State,24.0,Michigan State,34.0,,"Big Ten Championship - Lucas Oil Stadium, Indianapolis, IN"
2013-12-07 12:00:00,Oklahoma,33.0,Oklahoma State,24.0,,
2013-12-07 12:00:00,Marshall,24.0,Rice,41.0,,
2013-12-07 19:30:00,South Florida,6.0,Rutgers,31.0,,
2013-12-07 20:00:00,Louisiana-Lafayette,8.0,South Alabama,30.0,,
2013-12-07 19:45:00,Stanford,38.0,Arizona State,14.0,,
2013-12-14 15:00:00,Army,7.0,Navy,34.0,,"Lincoln Financial Field - Philadelphia, PA"
2013-12-21 14:00:00,Washington State,45.0,Colorado State,48.0,,"Gildan New Mexico Bowl - University Stadium, Albuquerque, NM"
2013-12-21 21:00:00,Tulane,21.0,Louisiana-Lafayette,24.0,,"R+L Carriers New Orleans Bowl - Mercedes-Benz Superdome, New Orleans, LA"
2013-12-21 17:30:00,Buffalo,24.0,San Diego State,49.0,,"Famous Idaho Potato Bowl - Bronco Stadium, Boise, ID"
2013-12-21 15:30:00,Fresno State,20.0,Southern California,45.0,,"Royal Purple Las Vegas Bowl - Sam Boyd Stadium, Las Vegas, NV"
2013-12-23 14:00:00,Ohio,20.0,East Carolina,37.0,,"Beef O Brady`s Bowl - Tropicana Field, St. Petersburg, FL"
2013-12-24 20:00:00,Boise State,23.0,Oregon State,38.0,,"Sheraton Hawaii Bowl - Hawaiian Airlines Field at Aloha Stadium, Honolulu, HI"
2013-12-26 18:00:00,Bowling Green State,27.0,Pittsburgh,30.0,,"Little Caesars Pizza Bowl - Ford Field, Detroit, MI"
2013-12-26 21:30:00,Northern Illinois,14.0,Utah State,21.0,,"San Diego County Credit Union Poinsettia Bowl - Qualcomm Stadium, San Diego, CA"
2013-12-27 14:30:00,Maryland,20.0,Marshall,31.0,,"Military Bowl - Navy-Marine Corp Memorial Stadium, Annapolis, MD"
2013-12-27 18:00:00,Minnesota,17.0,Syracuse,21.0,,"Texas Bowl - Reliant Stadium, Houston, TX"
2013-12-27 21:30:00,Brigham Young,16.0,Washington,31.0,,"Kraft Fight Hunger Bowl - AT&T Park, San Francisco, CA"
2013-12-28 22:15:00,Michigan,14.0,Kansas State,31.0,,"Buffalo Wild Wings Bowl - Sun Devil Stadium, Tempe, AZ"
2013-12-28 18:45:00,Miami (FL),9.0,Louisville,36.0,,"Russell Athletic Bowl - Florida Citrus Bowl Stadium, Orlando, FL"
2013-12-28 15:20:00,Cincinnati,17.0,North Carolina,39.0,,"Belk Bowl - Bank of America Stadium, Charlotte, NC"
2013-12-28 12:00:00,Rutgers,16.0,Notre Dame,29.0,,"New Era Pinstripe Bowl - Yankee Stadium, Bronx, NY"
2013-12-30 15:15:00,Georgia Tech,17.0,Mississippi,25.0,,"Franklin American Mortgage Music City Bowl - LP Field, Nashville, TN"
2013-12-30 11:45:00,Middle Tennessee State,6.0,Navy,24.0,,"Bell Helicopter Armed Forces Bowl - Amon G. Carter Stadium, Fort Worth, TX"
2013-12-30 18:45:00,Texas,7.0,Oregon,30.0,,"Valero Alamo Bowl - Alamodome, San Antonio, TX"
2013-12-30 22:15:00,Arizona State,23.0,Texas Tech,37.0,,"National University Holiday Bowl - Qualcomm Stadium, San Diego, CA"
2013-12-31 12:30:00,Boston College,19.0,Arizona,42.0,,"Advocare V100 Bowl - Independence Stadium, Shreveport, LA"
2013-12-31 16:00:00,Rice,7.0,Mississippi State,44.0,,"AutoZone Liberty Bowl - Liberty Bowl Memorial Stadium, Memphis, TN"
2013-12-31 20:00:00,Duke,48.0,Texas A&M,52.0,,"Chick-fil-A Bowl - Georgia Dome, Atlanta, GA"
2013-12-31 14:10:00,Virginia Tech,12.0,UCLA,42.0,,"Hyundai Sun Bowl - Sun Bowl, El Paso, TX"
2014-01-01 20:30:00,Baylor,42.0,Central Florida,52.0,,"Tostitos Fiesta Bowl - University of Phoenix Stadium, Glendale, AZ"
2014-01-01 13:00:00,Iowa,14.0,Louisiana State,21.0,,"Outback Bowl - Raymond James Stadium, Tampa, FL"
2014-01-01 17:00:00,Stanford,20.0,Michigan State,24.0,,"Rose Bowl - Rose Bowl, Pasadena, CA"
2014-01-01 12:00:00,Georgia,19.0,Nebraska,24.0,,"TaxSlayer.com Gator Bowl - EverBank Field, Jacksonville, FL"
2014-01-01 12:00:00,Nevada-Las Vegas,14.0,North Texas,36.0,,"Heart of Dallas Bowl - Cotton Bowl - Dallas, TX"
2014-01-01 13:00:00,Wisconsin,24.0,South Carolina,34.0,,"Capital One Bowl - Florida Citrus Bowl, Orlando, FL"
2014-01-02 20:30:00,Alabama,31.0,Oklahoma,45.0,,"Allstate Sugar Bowl - Mercedes-Benz Superdome, New Orleans, LA"
2014-01-03 20:30:00,Ohio State,35.0,Clemson,40.0,,"Discover Orange Bowl - Sun Life Stadium, Miami Gardens, FL"
2014-01-03 20:10:00,Oklahoma State,31.0,Missouri,41.0,,"AT&T Cotton Bowl Classic - AT&T Stadium, Arlington, TX"
2014-01-04 13:00:00,Houston,24.0,Vanderbilt,41.0,,"BBVA Compass Bowl - Legion Field, Birmingham, AL"
2014-01-05 21:00:00,Ball State,20.0,Arkansas State,23.0,,"GoDaddy Bowl - Ladd-Peebles Stadium, Mobile, AL"
2014-01-06 20:30:00,Auburn,31.0,Florida State,34.0,,"BCS National Championship Game - Rose Bowl, Pasadena, CA"
